county,lst_f,tree_canopy_pct,ndvi,population_2020,land_area_sq_mi,pop_density,ndbi
Philadelphia,95.26,19.44,0.1942,1573916,134.10,11736.88,-0.0776
Montgomery,88.68,40.44,0.3532,879190,483.04,1820.12,-0.1758
Delaware,88.54,32.55,0.3573,584882,183.84,3181.47,-0.1959
Bucks,86.03,42.99,0.3491,650131,604.31,1075.82,-0.1752
Lehigh,85.56,40.73,0.3427,385655,345.17,1117.29,-0.1890
Allegheny,85.07,45.62,0.3490,1224825,730.00,1677.90,-0.1612
Cumberland,84.90,47.42,0.3512,270738,545.50,496.30,-0.1716
Lancaster,84.80,33.37,0.2945,563293,943.81,596.83,-0.1561
Northampton,84.63,34.88,0.2409,322989,369.67,873.72,-0.1330
Chester,84.03,53.41,0.3652,560745,750.51,747.15,-0.1860
